Название,Категория,Полное название,Координаты,Область,Район,Значение,Тип заказника,Тип памятника природы,WORLD_HERITAGE_SITE,UNESCO_BIOSPHERE_RESERVE, EUROPEAN_DIPLOMA_OF_PROTECTED_AREAS,RAMSAR_SITE,IMPORTANT_BIRD_AREA,IMPORTANT_PLANT_AREA
Нарочанский,Национальный парк,Национальный парк,"54.909603, 26.706617",Минская,Мядельский,,,,,,,,,
«Черневичский»,Заказник,Республиканский ландшафтный заказник,"53.976486, 28.813393",Минская,Березинский,REPUBLICAN,LANDSCAPE,,,,,,,
«Борисовский»,Заказник,Ландшафтный заказник,"55.433479, 35.952243",Минская,Борисовский,REPUBLICAN,LANDSCAPE,,,,,,,
“Селява”,Заказник,Заказник республиканского значения,"54.483107, 29.148310",Минская,Крупский,REPUBLICAN,LANDSCAPE,,,,,,,
«Купаловский»,Заказник,Республиканский ландшафтный заказник,"54.014411, 27.746183",Минская,Логойский,REPUBLICAN,LANDSCAPE,,,,,,,
"""Белая Русь""",Заказник,Республиканский ландшафтный заказник,"54.400011, 27.890386",Минская,Логойский,REPUBLICAN,LANDSCAPE,,,,,,,
"""Налибокский""",Заказник,Республиканский ландшафтный заказник,"54.084262, 26.525301",Минская,Воложинский,REPUBLICAN,LANDSCAPE,,,,,,,
«Прилепский»,Заказник,Республиканский ландшафтный заказник,"54.026992, 27.771877",Минская,Минский,REPUBLICAN,LANDSCAPE,,,,,,,
«Тресковщина»,Заказник,Республиканский ландшафтный заказник,"53.906234, 27.118364",Минская,Минский,REPUBLICAN,LANDSCAPE,,,,,,,
«Черневский»,Заказник,Биологический заказник республиканского значения,"54.037448, 28.806245",Минская,Борисовский,REPUBLICAN,BIOLOGICAL,,,,,,,
«Лебяжий»,Заказник,Биологический заказник республиканского значения,"53.945671, 27.449551",Минская,г. Минск,REPUBLICAN,BIOLOGICAL,,,,,,,
«Денисовичский»,Заказник,Биологический заказник республиканского значения,"54.257467, 29.151811",Минская,Крупский,REPUBLICAN,BIOLOGICAL,,,,,,,
«Глебковка»,Заказник,Биологический заказник республиканского значения,"53.920967, 27.805639",Минская,Минский,REPUBLICAN,BIOLOGICAL,,,,,,,
«Подсады»,Заказник,Биологический заказник республиканского значения,"53.949081, 27.153500",Минская,Минский,REPUBLICAN,BIOLOGICAL,,,,,,,
«Прилукский»,Заказник,Биологический заказник республиканского значения,"53.788571, 27.369938",Минская,Минский,REPUBLICAN,BIOLOGICAL,,,,,,,
«Стиклево»,Заказник,Биологический заказник республиканского значения,"53.880786, 27.727649",Минская,г. Минск,REPUBLICAN,BIOLOGICAL,,,,,,,
«Юхновский»,Заказник,Биологический заказник республиканского значения,"53.964733, 27.846868",Минская,Минский,REPUBLICAN,BIOLOGICAL,,,,,,,
«Копыш»,Заказник,Биологический заказник республиканского значения,"53.429631, 28.190883",Минская,Пуховичский,REPUBLICAN,BIOLOGICAL,,,,,,,
«Матеевичский»,Заказник,Биологический заказник республиканского значения,"53.389473, 28.232268",Минская,Пуховичский,REPUBLICAN,BIOLOGICAL,,,,,,,
«Омельянский»,Заказник,Биологический заказник республиканского значения,"53.400957, 27.900160",Минская,Пуховичский,REPUBLICAN,BIOLOGICAL,,,,,,,
«Омговичский»,Заказник,Биологический заказник республиканского значения,"53.233636, 27.869797",Минская,Пуховичский,REPUBLICAN,BIOLOGICAL,,,,,,,
«Волмянский»,Заказник,Биологический заказник республиканского значения,"53.885023, 27.909856",Минская,Смолевичский,REPUBLICAN,BIOLOGICAL,,,,,,,
«Пекалинский»,Заказник,Биологический заказник республиканского значения,"53.884700, 28.142677",Минская,Смолевичский,REPUBLICAN,BIOLOGICAL,,,,,,,
«Фаличский Мох»,Заказник,Биологический заказник республиканского значения,"53.133465, 28.306943",Минская,Стародорожский,REPUBLICAN,BIOLOGICAL,,,,,,,
«Гайно-Бродня»,Заказник,Гидрологический заказник,"54.163578, 28.139808",Минская,Смолевичский,REPUBLICAN,GIDROLOGICAL,,,,,,,
«Вороничский остров»,Заказник,Республиканский водно-болотный заказник,"53.312588, 27.804525",Минская,Пуховичский,REPUBLICAN,WATERLAND,,,,,,,
«Шаповаловские погорки»,Заказник,Ландшафтный заказник местного значения,"54.062537, 27.157842",Минская,Воложинский,LOCAL,LANDSCAPE,,,,,,,
«Колковский»,Заказник,Ландшафтный заказник местного значения,"52.743776, 26.952148",Минская,Клецкий,LOCAL,LANDSCAPE,,,,,,,
«Бортники»,Заказник,Ландшафтный заказник местного значения,"54.137799, 27.068540",Минская,Молодеченский,LOCAL,LANDSCAPE,,,,,,,
Ветеревичский,Заказник,Ландшафтный заказник местного значения,"53.274685, 27.704777",Минская,Пуховичский,LOCAL,LANDSCAPE,,,,,,,
«Воробьевский»,Заказник,Ландшафтный заказник местного значения,"53.251643, 27.585986",Минская,Слуцкий,LOCAL,LANDSCAPE,,,,,,,
«Исток реки Неман»,Заказник,Ландшафтный заказник местного значения,"53.473956, 27.363772",Минская,Узденский,LOCAL,LANDSCAPE,,,,,,,
По воспроизводству беловежских зубров,Заказник,Биологический заказник местного значения,"54.541202, 28.282793",Минская,Борисовский,LOCAL,BIOLOGICAL,,,,,,,
«Бортники»,Заказник,Биологический заказник местного значения,"54.165405, 26.666260",Минская,Воложинский,LOCAL,BIOLOGICAL,,,,,,,
«Ивенчик»,Заказник,Биологический заказник местного значения,"53.927326, 26.758899",Минская,Воложинский,LOCAL,BIOLOGICAL,,,,,,,
«Ракитник»,Заказник,Биологический заказник местного значения,"53.343520, 27.087648",Минская,Копыльский,LOCAL,BIOLOGICAL,,,,,,,
«Криница»,Заказник,Биологический заказник местного значения,"53.954489, 27.398979",Минская,Минский,LOCAL,BIOLOGICAL,,,,,,,
«Соколиный»,Заказник,Биологический заказник местного значения,"53.784119, 27.604507",Минская,Минский,LOCAL,BIOLOGICAL,,,,,,,
«Сосна веймутова»,Заказник,Биологический заказник местного значения,"54.347646, 27.015351",Минская,Молодеченский,LOCAL,BIOLOGICAL,,,,,,,
«Бытеньский»,Заказник,Биологический заказник местного значения,"53.316199, 28.084946",Минская,Пуховичский,LOCAL,BIOLOGICAL,,,,,,,
«Маяк»,Заказник,Биологический заказник местного значения,"53.826753, 28.070251",Минская,Смолевичский,LOCAL,BIOLOGICAL,,,,,,,
«Черемша»,Заказник,Биологический заказник местного значения,"53.075811, 28.176103",Минская,Стародорожский,LOCAL,BIOLOGICAL,,,,,,,
«Ленчино»,Заказник,Биологический заказник местного значения,"53.543575, 27.267479",Минская,Узденский,LOCAL,BIOLOGICAL,,,,,,,
«Синицкая гребля»,Заказник,Биологический заказник местного значения,"53.508686, 26.972105",Минская,Узденский,LOCAL,BIOLOGICAL,,,,,,,
«Ивановский»,Заказник,Биологический заказник местного значения,"53.772365, 28.169461",Минская,Червенский,LOCAL,BIOLOGICAL,,,,,,,
«Морочанский»,Заказник,Гидрологического заказника местного значения,"52.907138, 26.899937",Минская,Копыльский,LOCAL,GIDROLOGICAL,,,,,,,
«Река Вязынка»,Заказник,Гидрологического заказника местного значения,"54.132674, 27.206594",Минская,Молодеченский,LOCAL,GIDROLOGICAL,,,,,,,
«Малевский»,Заказник,Гидрологического заказника местного значения,"53.232236, 26.541663",Минская,Несвижский,LOCAL,GIDROLOGICAL,,,,,,,
«Сергеевичский»,Заказник,Гидрологического заказника местного значения,"53.506987, 27.753915",Минская,Пуховичский,LOCAL,GIDROLOGICAL,,,,,,,
«Ведрецкое болото»,Заказник,Гидрологического заказника местного значения,"53.766216, 28.654632",Минская,Червенский,LOCAL,GIDROLOGICAL,,,,,,,
«Студёнка»,Заказник,Гидрологического заказника местного значения,"53.974234, 28.245327",Минская,Смолевичский,LOCAL,GIDROLOGICAL,,,,,,,
«Красное озеро»,Заказник,Гидрологического заказника местного значения,"52.432328, 27.960773",Минская,Солигорский,LOCAL,GIDROLOGICAL,,,,,,,
«Святое озеро»,Заказник,Гидрологического заказника местного значения,"52.712768, 27.590946",Минская,Солигорский,LOCAL,GIDROLOGICAL,,,,,,,
«Гричино-Старобинский»,Заказник,Гидрологического заказника местного значения,"52.803028, 27.340929",Минская,Солигорский,LOCAL,GIDROLOGICAL,,,,,,,
«Величковичи»,Заказник,Гидрологического заказника местного значения,"52.618524, 27.252015",Минская,Солигорский,LOCAL,GIDROLOGICAL,,,,,,,
«Солон-Солянка»,Заказник,Гидрологического заказника местного значения,"53.044602, 28.174329",Минская,Стародорожский,LOCAL,GIDROLOGICAL,,,,,,,
«Вязькутино»,Заказник,Водно-болотный заказник местного значения,"53.722583, 29.106722",Минская,Березинский,LOCAL,WATERLAND,,,,,,,
«Дубровка»,Заказник,Водно-болотный заказник местного значения,"53.858523, 29.203078",Минская,Березинский,LOCAL,WATERLAND,,,,,,,
«Острова Дулебы»,Заказник,Водно-болотный заказник местного значения,"53.755567, 29.318738",Минская,Березинский,LOCAL,WATERLAND,,,,,,,
«Забродье»,Заказник,Водно-болотный заказник местного значения,"53.784315, 29.265342",Минская,Березинский,LOCAL,WATERLAND,,,,,,,
«Лозоровщина»,Заказник,Водно-болотный заказник местного значения,"53.764339, 28.960006",Минская,Березинский,LOCAL,WATERLAND,,,,,,,
«Березина»,Заказник,Водно-болотный заказник местного значения,"54.363537, 28.289643",Минская,Борисовский,LOCAL,WATERLAND,,,,,,,
«Гайна»,Заказник,Водно-болотный заказник местного значения,"54.274842, 28.245666",Минская,Борисовский,LOCAL,WATERLAND,,,,,,,
«Гостилово»,Заказник,Водно-болотный заказник местного значения,"54.430521, 26.780000",Минская,Вилейский,LOCAL,WATERLAND,,,,,,,
«Борки»,Заказник,Водно-болотный заказник местного значения,"54.655999, 26.822707",Минская,Вилейский,LOCAL,WATERLAND,,,,,,,
«Колодки»,Заказник,Водно-болотный заказник местного значения,"54.551551, 26.759111",Минская,Вилейский,LOCAL,WATERLAND,,,,,,,
«Бонда»,Заказник,Водно-болотный заказник местного значения,,Минская,Вилейский,LOCAL,WATERLAND,,,,,,,
«Суражинский»,Заказник,Водно-болотный заказник местного значения,"54.706003, 26.731382",Минская,Вилейский,LOCAL,WATERLAND,,,,,,,
«Липки»,Заказник,Водно-болотный заказник местного значения,"54.474354, 29.282744",Минская,Крупский,LOCAL,WATERLAND,,,,,,,
«Маковье»,Заказник,Водно-болотный заказник местного значения,"54.168801, 29.285361",Минская,Крупский,LOCAL,WATERLAND,,,,,,,
«Белый остров»,Заказник,Водно-болотный заказник местного значения,"54.060749, 29.326029",Минская,Крупский,LOCAL,WATERLAND,,,,,,,
«Еленка»,Заказник,Водно-болотный заказник местного значения,"54.245202, 29.139851",Минская,Крупский,LOCAL,WATERLAND,,,,,,,
Нача,Заказник,Водно-болотный заказник местного значения,"54.246350, 28.984740",Минская,Крупский,LOCAL,WATERLAND,,,,,,,
«Чисть»,Заказник,Водно-болотный заказник местного значения,"54.312455, 27.127119",Минская,Молодеченский,LOCAL,WATERLAND,,,,,,,
«Габы»,Заказник,Водно-болотный заказник местного значения,"54.889229, 27.333130",Минская,Мядельский,LOCAL,WATERLAND,,,,,,,
«Клетное»,Заказник,Водно-болотный заказник местного значения,"53.324870, 28.058474",Минская,Пуховичский,LOCAL,WATERLAND,,,,,,,
Дуб черешчатые «Любушанский–1»,Памятник природы,Ботанические,"53.789578, 29.261537",Минская,Березинский,REPUBLICAN,,BOTANICAL,,,,,,
Дуб черешчатые «Любушанский–2»,Памятник природы,Ботанические,"53.790323, 29.259228",Минская,Березинский,REPUBLICAN,,BOTANICAL,,,,,,
«Старо-Борисовский лес»,Памятник природы,Ботанические,"54.295443, 28.450865",Минская,Борисовский,REPUBLICAN,,BOTANICAL,,,,,,
Парк «Раздивиллимонты»,Памятник природы,Ботанические,"53.011374, 26.676265",Минская,Клецкий,REPUBLICAN,,BOTANICAL,,,,,,
Два сросшихся дуба черешчатых «Голынковские»,Памятник природы,Ботанические,"52.943507, 26.430391",Минская,Клецкий,REPUBLICAN,,BOTANICAL,,,,,,
Дуб черешчатый «Новинковский»,Памятник природы,Ботанические,"52.893704, 26.633120",Минская,Клецкий,REPUBLICAN,,BOTANICAL,,,,,,
Каштан восьмитычинковый «Бобовнянский»,Памятник природы,Ботанические,"53.259291, 26.950668",Минская,Копыльский,REPUBLICAN,,BOTANICAL,,,,,,
"Клены ложноплатановые ""Бобовнянские""",Памятник природы,Ботанические,"53.259024, 26.949318",Минская,Копыльский,REPUBLICAN,,BOTANICAL,,,,,,
"Пихта калифорнийская ""Чижевичская""",Памятник природы,Ботанические,"53.058229, 27.148637",Минская,Копыльский,REPUBLICAN,,BOTANICAL,,,,,,
«Центральный ботанический сад Национальной академии наук Беларуси»,Памятник природы,Ботанические,"53.916530, 27.604271",Минская,г. Минск,REPUBLICAN,,BOTANICAL,,,,,,
Дубрава «Щемыслицкая»,Памятник природы,Ботанические,"53.834389, 27.472248",Минская,Минский,REPUBLICAN,,BOTANICAL,,,,,,
«Бресское» насаждения карельской березы,Памятник природы,Ботанические,"54.923114, 26.774147",Минская,Мядельский,REPUBLICAN,,BOTANICAL,,,,,,
«Некасецкое» насаждения карельской березы,Памятник природы,Ботанические,"54.899262, 27.002613",Минская,Мядельский,REPUBLICAN,,BOTANICAL,,,,,,
Парк Несвижский,Памятник природы,Ботанические,"53.225165, 26.702791",Минская,Несвижский,REPUBLICAN,,BOTANICAL,,,,,,
Парк «Альба»,Памятник природы,Ботанические,"53.197843, 26.654500",Минская,Несвижский,REPUBLICAN,,BOTANICAL,,,,,,
Насаждение с участием экзотов «Городейское»,Памятник природы,Ботанические,"53.294194, 26.728823",Минская,Несвижский,REPUBLICAN,,BOTANICAL,,,,,,
Дуб черешчатый «Козловский» («Дуб-Якуб»),Памятник природы,Ботанические,"53.160005, 26.524848",Минская,Несвижский,REPUBLICAN,,BOTANICAL,,,,,,
Дуб пирамидальный Заозерский,Памятник природы,Ботанические,"53.230505, 26.689490",Минская,Несвижский,REPUBLICAN,,BOTANICAL,,,,,,
"Насаждения лиственницы, дуба и сосны «Уречское»",Памятник природы,Ботанические,"52.962752, 27.720620",Минская,Слуцкий,REPUBLICAN,,BOTANICAL,,,,,,
Усадьба Дзержинского,Памятник природы,Ботанические,"53.835479, 26.540485",Минская,Столбцовский,REPUBLICAN,,BOTANICAL,,,,,,
Липы американские «Нововесковские»,Памятник природы,Ботанические,"53.354442, 26.541080",Минская,Столбцовский,REPUBLICAN,,BOTANICAL,,,,,,
Липы мелколистные Миколаевщинские,Памятник природы,Ботанические,"53.416182, 26.824302",Минская,Столбцовский,REPUBLICAN,,BOTANICAL,,,,,,
Парк «Рованичи»,Памятник природы,Ботанические,"53.884318, 28.615158",Минская,Червенский,REPUBLICAN,,BOTANICAL,,,,,,
Сосны черные Смиловичские,Памятник природы,Ботанические,"53.752314, 28.017457",Минская,Червенский,REPUBLICAN,,BOTANICAL,,,,,,
"""Обнажение ""Мурова""",Памятник природы,Геологические,"54.001067, 28.902161",Минская,Березинский,REPUBLICAN,,GEOLOGICAL,,,,,,
Валун «Князь камень»,Памятник природы,Геологические,"54.526275, 28.213360",Минская,Борисовский,REPUBLICAN,,GEOLOGICAL,,,,,,
Валуны Быки,Памятник природы,Геологические,"54.52544, 28.18937",Минская,Борисовский,REPUBLICAN,,GEOLOGICAL,,,,,,
«Холмы Речкинские»,Памятник природы,Геологические,"54.578172, 27.099709",Минская,Вилейский,REPUBLICAN,,GEOLOGICAL,,,,,,
Образование «Синюха»,Памятник природы,Геологические,"54.759482, 27.503553",Минская,Вилейский,REPUBLICAN,,GEOLOGICAL,,,,,,
Обнажение Винцентово,Памятник природы,Геологические,"54.364942,27.254627",Минская,Вилейский,REPUBLICAN,,GEOLOGICAL,,,,,,
Обнажение Поповцы,Памятник природы,Геологические,"54.576962, 26.704780",Минская,Вилейский,REPUBLICAN,,GEOLOGICAL,,,,,,
Валун Гомсин камень куренецкий,Памятник природы,Геологические,"54.556977, 26.959027",Минская,Вилейский,REPUBLICAN,,GEOLOGICAL,,,,,,
Валун Большой камень мишутский (Перунов камень),Памятник природы,Геологические,"54.538236, 26.624110",Минская,Вилейский,REPUBLICAN,,GEOLOGICAL,,,,,,
Валун Воротищин крест,Памятник природы,Геологические,"54.582156, 27.470698",Минская,Вилейский,REPUBLICAN,,GEOLOGICAL,,,,,,
Валун Каменный вол кузьмичевский,Памятник природы,Геологические,"54.607027, 26.946888",Минская,Вилейский,REPUBLICAN,,GEOLOGICAL,,,,,,
Валун Большой камень дворецкий,Памятник природы,Геологические,"54.670732, 26.732236",Минская,Вилейский,REPUBLICAN,,GEOLOGICAL,,,,,,
Валун Любецкий,Памятник природы,Геологические,"54.502835, 26.922866",Минская,Вилейский,REPUBLICAN,,GEOLOGICAL,,,,,,
Валуны Каменные волы стеберякские,Памятник природы,Геологические,"54.661572, 26.916814",Минская,Вилейский,REPUBLICAN,,GEOLOGICAL,,,,,,
Ледниковый конгломерат Раковский,Памятник природы,Геологические,"53.97263183480253, 27.078250291021455",Минская,Воложинский,REPUBLICAN,,GEOLOGICAL,,,,,,
"Конгломерат ""Святой камень""",Памятник природы,Геологические,"54.032073, 27.029602",Минская,Воложинский,REPUBLICAN,,GEOLOGICAL,,,,,,
Синяя Гора,Памятник природы,Геологические,"54.1836, 26.2941",Минская,Воложинский,REPUBLICAN,,GEOLOGICAL,,,,,,
Гора Замечек,Памятник природы,Геологические,"54.209603, 26.239509",Минская,Воложинский,REPUBLICAN,,GEOLOGICAL,,,,,,
Гора Ходчиха,Памятник природы,Геологические,"54.177207, 26.404084",Минская,Воложинский,REPUBLICAN,,GEOLOGICAL,,,,,,
Обнажение Полочаны,Памятник природы,Геологические,"53.999636, 26.981922",Минская,Воложинский,REPUBLICAN,,GEOLOGICAL,,,,,,
Валун Камень,Памятник природы,Геологические,"53.860319, 26.651311",Минская,Воложинский,REPUBLICAN,,GEOLOGICAL,,,,,,
Валун Васьков камень,Памятник природы,Геологические,"54.124787, 26.489924",Минская,Воложинский,REPUBLICAN,,GEOLOGICAL,,,,,,
Валун Чертов камень,Памятник природы,Геологические,"53.919125, 26.962208",Минская,Воложинский,REPUBLICAN,,GEOLOGICAL,,,,,,
Валун Мигматит,Памятник природы,Геологические,"54.192954, 26.383279",Минская,Воложинский,REPUBLICAN,,GEOLOGICAL,,,,,,
Валун Большой камень кучкунский,Памятник природы,Геологические,"54.011841, 27.106147",Минская,Воложинский,REPUBLICAN,,GEOLOGICAL,,,,,,
Валуны Макасичские,Памятник природы,Геологические,"53.910164, 26.855914",Минская,Воложинский,REPUBLICAN,,GEOLOGICAL,,,,,,
Валун Большой камень навиновский,Памятник природы,Геологические,"54.080990, 27.053432",Минская,Воложинский,REPUBLICAN,,GEOLOGICAL,,,,,,
Валун Большой камень аляновский,Памятник природы,Геологические,"54.217289, 26.204220",Минская,Воложинский,REPUBLICAN,,GEOLOGICAL,,,,,,
Валун Большой камень шальтинский,Памятник природы,Геологические,"54.211754, 26.160720",Минская,Воложинский,REPUBLICAN,,GEOLOGICAL,,,,,,
Валун Большой камень прусогорский,Памятник природы,Геологические,"54.126921, 26.072960",Минская,Воложинский,REPUBLICAN,,GEOLOGICAL,,,,,,
Валун Большой камень бузуновский,Памятник природы,Геологические,"54.006365, 27.078256",Минская,Воложинский,REPUBLICAN,,GEOLOGICAL,,,,,,
Валун Большой камень залесский,Памятник природы,Геологические,"54.056037, 27.035323",Минская,Воложинский,REPUBLICAN,,GEOLOGICAL,,,,,,
Парк камней,Памятник природы,Геологические,"53.931569, 27.691019",Минская,г. Минск,REPUBLICAN,,GEOLOGICAL,,,,,,
Обнажение Заславль,Памятник природы,Геологические,"53.998694, 27.306197",Минская,Минский,REPUBLICAN,,GEOLOGICAL,,,,,,
Валун Камень любви,Памятник природы,Геологические,"53.956516, 27.246980",Минская,Минский,REPUBLICAN,,GEOLOGICAL,,,,,,
Обнажение Студенец,Памятник природы,Геологические,"54.820937, 26.750114",Минская,Мядельский,REPUBLICAN,,GEOLOGICAL,,,,,,
Береговой уступ Степеневский,Памятник природы,Геологические,"54.880823, 26.679507",Минская,Мядельский,REPUBLICAN,,GEOLOGICAL,,,,,,
Гряда Кочергинская,Памятник природы,Геологические,"54.855610, 26.907148",Минская,Мядельский,REPUBLICAN,,GEOLOGICAL,,,,,,
Гряда Лукинская,Памятник природы,Геологические,"54.921698, 26.858518",Минская,Мядельский,REPUBLICAN,,GEOLOGICAL,,,,,,
Гряда Тюкшинская,Памятник природы,Геологические,"54.971512, 26.614620",Минская,Мядельский,REPUBLICAN,,GEOLOGICAL,,,,,,
Полуостров Дубовая гора,Памятник природы,Геологические,"54.948522, 26.856376",Минская,Мядельский,REPUBLICAN,,GEOLOGICAL,,,,,,
Полуостров Наносы,Памятник природы,Геологические,"54.864997, 26.717920",Минская,Мядельский,REPUBLICAN,,GEOLOGICAL,,,,,,
Полуостров Черевки,Памятник природы,Геологические,"54.883938, 26.785130",Минская,Мядельский,REPUBLICAN,,GEOLOGICAL,,,,,,
Валун Большой камень бояровский,Памятник природы,Геологические,"54.908715, 26.938280",Минская,Мядельский,REPUBLICAN,,GEOLOGICAL,,,,,,
Валун Большой камень венцевичский,Памятник природы,Геологические,"54.887121, 26.501243",Минская,Мядельский,REPUBLICAN,,GEOLOGICAL,,,,,,
Валун Большой камень высочкинский,Памятник природы,Геологические,"54.902217, 26.904697",Минская,Мядельский,REPUBLICAN,,GEOLOGICAL,,,,,,
Валун Большой камень гулийский,Памятник природы,Геологические,"54.921927, 27.201117",Минская,Мядельский,REPUBLICAN,,GEOLOGICAL,,,,,,
Валун Большой камень красницкий,Памятник природы,Геологические,"54.853539, 26.450666",Минская,Мядельский,REPUBLICAN,,GEOLOGICAL,,,,,,
Валун Большой камень лещинский,Памятник природы,Геологические,"54.940321, 26.764988",Минская,Мядельский,REPUBLICAN,,GEOLOGICAL,,,,,,
Валун Большой камень мацкийский,Памятник природы,Геологические,"54.779139, 27.079044",Минская,Мядельский,REPUBLICAN,,GEOLOGICAL,,,,,,
Валун Большой камень проньковский,Памятник природы,Геологические,"54.820051, 26.697420",Минская,Мядельский,REPUBLICAN,,GEOLOGICAL,,,,,,
Валун Большой камень юшковичский,Памятник природы,Геологические,"54.938245, 26.932212",Минская,Мядельский,REPUBLICAN,,GEOLOGICAL,,,,,,
Валун Ольшевский,Памятник природы,Геологические,"54.958519, 26.362565",Минская,Мядельский,REPUBLICAN,,GEOLOGICAL,,,,,,
Валун Седловой камень занарочанский,Памятник природы,Геологические,"54.793704, 26.804642",Минская,Мядельский,REPUBLICAN,,GEOLOGICAL,,,,,,
Валун Чертов камень шкленниковский,Памятник природы,Геологические,"54.780187, 27.055001",Минская,Мядельский,REPUBLICAN,,GEOLOGICAL,,,,,,
Валун Юшковичский,Памятник природы,Геологические,"54.941711, 26.950090",Минская,Мядельский,REPUBLICAN,,GEOLOGICAL,,,,,,
Валуны Каменские,Памятник природы,Геологические,"53.372789, 27.171775",Минская,Узденский,REPUBLICAN,,GEOLOGICAL,,,,,,
«Юцковский родник»,Памятник природы,Гидрологические,"53.797540, 27.168240",Минская,Дзержинский,REPUBLICAN,,GIDROLOGICAL,,,,,,
Родник «Исток реки Птичи»,Памятник природы,Гидрологические,"53.858860, 27.101040",Минская,Дзержинский,REPUBLICAN,,GIDROLOGICAL,,,,,,
Родник «Святые криницы»,Памятник природы,Гидрологические,"54.201652, 27.383791",Минская,Минский,REPUBLICAN,,GIDROLOGICAL,,,,,,
Родник Большой Болцикский,Памятник природы,Гидрологические,"54.951164, 26.464929",Минская,Мядельский,REPUBLICAN,,GIDROLOGICAL,,,,,,
Куельский родник,Памятник природы,Гидрологические,"54.956003, 26.438521",Минская,Мядельский,REPUBLICAN,,GIDROLOGICAL,,,,,,
Родник «Купа»,Памятник природы,Гидрологические,"54.906710, 26.712580",Минская,Мядельский,REPUBLICAN,,GIDROLOGICAL,,,,,,
Родник Млын (Мельница),Памятник природы,Гидрологические,"54.95247, 26.44151",Минская,Мядельский,REPUBLICAN,,GIDROLOGICAL,,,,,,
"Родник ""Нарочанский подводный""",Памятник природы,Гидрологические,"54.901340, 26.692260",Минская,Мядельский,REPUBLICAN,,GIDROLOGICAL,,,,,,
Парк Буденичи,Памятник природы,Ботанические,"54.530187, 28.307725",Минская,Борисовский,LOCAL,,BOTANICAL,,,,,,
«Парк Героев» д. Старо-Борисов,Памятник природы,Ботанические,"54.280505, 28.485775",Минская,Борисовский,LOCAL,,BOTANICAL,,,,,,
"Парк Кричин сад, д. Веселово",Памятник природы,Ботанические,"54.366450, 28.337066",Минская,Борисовский,LOCAL,,BOTANICAL,,,,,,
Парк имени Воровского,Памятник природы,Ботанические,"54.572532, 28.107567",Минская,Борисовский,LOCAL,,BOTANICAL,,,,,,
«Парк в д. Мстиж»,Памятник природы,Ботанические,"54.564522, 28.189297",Минская,Борисовский,LOCAL,,BOTANICAL,,,,,,
«Парк в д. Скуплино»,Памятник природы,Ботанические,"54.436886, 28.289918",Минская,Борисовский,LOCAL,,BOTANICAL,,,,,,
"Парк ""Луковец""",Памятник природы,Ботанические,"54.327289, 27.454195",Минская,Вилейский,LOCAL,,BOTANICAL,,,,,,
Парк Любань,Памятник природы,Ботанические,"54.598255, 26.878784",Минская,Вилейский,LOCAL,,BOTANICAL,,,,,,
Парк Остюковичи,Памятник природы,Ботанические,"54.411369, 27.242408",Минская,Вилейский,LOCAL,,BOTANICAL,,,,,,
Реутка,Памятник природы,Ботанические,"54.543418, 26.727451",Минская,Вилейский,LOCAL,,BOTANICAL,,,,,,
Парк Андривонж,Памятник природы,Ботанические,"54.147102, 26.176735",Минская,Воложинский,LOCAL,,BOTANICAL,,,,,,
Парк Новый Двор,Памятник природы,Ботанические,"54.051616, 27.009367",Минская,Воложинский,LOCAL,,BOTANICAL,,,,,,
Дуб-великан (Дуб воложинский),Памятник природы,Ботанические,"54.020531, 26.625571",Минская,Воложинский,LOCAL,,BOTANICAL,,,,,,
Парк «Станьково»,Памятник природы,Ботанические,"52.364930, 23.370885",Минская,Дзержинский,LOCAL,,BOTANICAL,,,,,,
Два дуба в д.Ляховичи,Памятник природы,Ботанические,"53.618830, 27.192543",Минская,Дзержинский,LOCAL,,BOTANICAL,,,,,,
Участок карельской березы,Памятник природы,Ботанические,"53.707267, 27.175429",Минская,Дзержинский,LOCAL,,BOTANICAL,,,,,,
Дубрава кисличная,Памятник природы,Ботанические,"53.179784, 27.193715",Минская,Копыльский,LOCAL,,BOTANICAL,,,,,,
Парк Тимковичи,Памятник природы,Ботанические,"53.058768, 26.980157",Минская,Копыльский,LOCAL,,BOTANICAL,,,,,,
Парк Бобовня,Памятник природы,Ботанические,"53.258574, 26.950860",Минская,Копыльский,LOCAL,,BOTANICAL,,,,,,
Дерево Черная береза,Памятник природы,Ботанические,"53.147881, 27.023652",Минская,Копыльский,LOCAL,,BOTANICAL,,,,,,
Парк Кокоричи,Памятник природы,Ботанические,"53.157784, 26.964479",Минская,Копыльский,LOCAL,,BOTANICAL,,,,,,
Аллея лиственницы европейской,Памятник природы,Ботанические,"52.930240, 26.916301",Минская,Копыльский,LOCAL,,BOTANICAL,,,,,,
Логойский парк,Памятник природы,Ботанические,"54.204712, 27.846885",Минская,Логойский,LOCAL,,BOTANICAL,,,,,,
Дерево липы мелколистной в д. Юшковичи,Памятник природы,Ботанические,"52.802362, 27.836655",Минская,Любанский,LOCAL,,BOTANICAL,,,,,,
Дерево дуба черешчатого,Памятник природы,Ботанические,"52.648133, 28.038312",Минская,Любанский,LOCAL,,BOTANICAL,,,,,,
Группа из шести деревьев дуба черешчатого,Памятник природы,Ботанические,"52.760487, 28.133737",Минская,Любанский,LOCAL,,BOTANICAL,,,,,,
Парк «Игнатичи»,Памятник природы,Ботанические,"53.746996, 27.569858",Минская,Минский,LOCAL,,BOTANICAL,,,,,,
Сросшиеся дуб и сосна,Памятник природы,Ботанические,"53.929672, 27.386710",Минская,Минский,LOCAL,,BOTANICAL,,,,,,
Парк «Березинское»,Памятник природы,Ботанические,"54.221388, 26.606766",Минская,Молодеченский,LOCAL,,BOTANICAL,,,,,,
"Парк ""Малиновщина""",Памятник природы,Ботанические,"54.329929, 26.655235",Минская,Молодеченский,LOCAL,,BOTANICAL,,,,,,
"Парк ""Яхимовщина""",Памятник природы,Ботанические,"54.2359, 26.6677",Минская,Молодеченский,LOCAL,,BOTANICAL,,,,,,
Лиственница в Лебедевском лесничестве,Памятник природы,Ботанические,"54.284041, 26.623119",Минская,Молодеченский,LOCAL,,BOTANICAL,,,,,,
Лесные культуры с участием пихты белой,Памятник природы,Ботанические,"54.338166, 26.812875",Минская,Молодеченский,LOCAL,,BOTANICAL,,,,,,
Польские культуры лиственницы европейской,Памятник природы,Ботанические,"54.278870, 26.479491",Минская,Молодеченский,LOCAL,,BOTANICAL,,,,,,
Вередовский дендропарк,Памятник природы,Ботанические,"54.327112, 27.028679",Минская,Молодеченский,LOCAL,,BOTANICAL,,,,,,
"Парк ""Комарово""",Памятник природы,Ботанические,"54.9010, 26.3976",Минская,Мядельский,LOCAL,,BOTANICAL,,,,,,
"Парк ""Ольшево""",Памятник природы,Ботанические,"54.948400, 26.361770",Минская,Мядельский,LOCAL,,BOTANICAL,,,,,,
Парк Победы г. Мядель,Памятник природы,Ботанические,"54.870459, 26.919815",Минская,Мядельский,LOCAL,,BOTANICAL,,,,,,
Парк Старый Мядель,Памятник природы,Ботанические,"54.882056, 26.924675",Минская,Мядельский,LOCAL,,BOTANICAL,,,,,,
Остров на озере Нарочь,Памятник природы,Ботанические,"54.878032, 26.811132",Минская,Мядельский,LOCAL,,BOTANICAL,,,,,,
Парк Будслав,Памятник природы,Ботанические,"54.799278, 27.405484",Минская,Мядельский,LOCAL,,BOTANICAL,,,,,,
Дубово-лиственная аллея,Памятник природы,Ботанические,"53.253759, 26.791130",Минская,Несвижский,LOCAL,,BOTANICAL,,,,,,
Сновский парк,Памятник природы,Ботанические,"53.223044, 26.412904",Минская,Несвижский,LOCAL,,BOTANICAL,,,,,,
Парк в Шипянах,Памятник природы,Ботанические,"53.960598, 28.282102",Минская,Смолевичский,LOCAL,,BOTANICAL,,,,,,
Дубрава-3,Памятник природы,Ботанические,"52.595827, 27.579094",Минская,Солигорский,LOCAL,,BOTANICAL,,,,,,
Дубрава -1,Памятник природы,Ботанические,"52.720024, 27.533234",Минская,Солигорский,LOCAL,,BOTANICAL,,,,,,
Дубрава - 2,Памятник природы,Ботанические,"52.700222, 27.524012",Минская,Солигорский,LOCAL,,BOTANICAL,,,,,,
Клен,Памятник природы,Ботанические,"52.833984, 27.337419",Минская,Солигорский,LOCAL,,BOTANICAL,,,,,,
Парк Листопадовичи,Памятник природы,Ботанические,"52.726499, 27.516884",Минская,Солигорский,LOCAL,,BOTANICAL,,,,,,
Парк Погост,Памятник природы,Ботанические,"52.845803, 27.646130",Минская,Солигорский,LOCAL,,BOTANICAL,,,,,,
Парк Новая Веска,Памятник природы,Ботанические,"53.345244, 26.557811",Минская,Столбцовский,LOCAL,,BOTANICAL,,,,,,
Парк Сула,Памятник природы,Ботанические,"53.739827, 26.879086",Минская,Столбцовский,LOCAL,,BOTANICAL,,,,,,
Парк Смиловичи,Памятник природы,Ботанические,"53.7502, 28.0169",Минская,Червенский,LOCAL,,BOTANICAL,,,,,,
Парк Убель,Памятник природы,Ботанические,"53.718670, 28.126481",Минская,Червенский,LOCAL,,BOTANICAL,,,,,,
Большой камень дядичский,Памятник природы,Геологические,"54.593854, 26.890807",Минская,Вилейский,LOCAL,,GEOLOGICAL,,,,,,
Большой камень ивашиновичский,Памятник природы,Геологические,"54.558181, 27.130126",Минская,Вилейский,LOCAL,,GEOLOGICAL,,,,,,
Большой камень лыцевичский,Памятник природы,Геологические,"54.714270, 26.643325",Минская,Вилейский,LOCAL,,GEOLOGICAL,,,,,,
Большой камень подсосенский,Памятник природы,Геологические,"54.714351, 26.664317",Минская,Вилейский,LOCAL,,GEOLOGICAL,,,,,,
Большой камень русскосельский,Памятник природы,Геологические,"54.526076, 26.667076",Минская,Вилейский,LOCAL,,GEOLOGICAL,,,,,,
Кавенёвская котловина,Памятник природы,Геологические,"54.323273, 27.316225",Минская,Вилейский,LOCAL,,GEOLOGICAL,,,,,,
Гора Мироткова,Памятник природы,Геологические,"54.283146, 27.370556",Минская,Вилейский,LOCAL,,GEOLOGICAL,,,,,,
Гора Подвысокая,Памятник природы,Геологические,"54.656941, 27.319509",Минская,Вилейский,LOCAL,,GEOLOGICAL,,,,,,
Амилина гора,Памятник природы,Геологические,"54.220643, 26.494543",Минская,Воложинский,LOCAL,,GEOLOGICAL,,,,,,
Казинская гора,Памятник природы,Геологические,"54.090786, 26.444880",Минская,Воложинский,LOCAL,,GEOLOGICAL,,,,,,
Валун прусогорский,Памятник природы,Геологические,"54.116106, 26.081913",Минская,Воложинский,LOCAL,,GEOLOGICAL,,,,,,
"Валун вблизи д. Переток (Божы камень)",Памятник природы,Геологические,"52.841223, 27.927230",Минская,Любанский,LOCAL,,GEOLOGICAL,,,,,,
Гора Копланщина,Памятник природы,Геологические,"54.073682, 27.084589",Минская,Молодеченский,LOCAL,,GEOLOGICAL,,,,,,
Слободковская выдма,Памятник природы,Геологические,"54.265230, 26.827154",Минская,Молодеченский,LOCAL,,GEOLOGICAL,,,,,,
Гора Курган,Памятник природы,Геологические,"54.253237, 26.556045",Минская,Молодеченский,LOCAL,,GEOLOGICAL,,,,,,
Гора Маяк,Памятник природы,Геологические,"54.277873, 26.533821",Минская,Молодеченский,LOCAL,,GEOLOGICAL,,,,,,
Шведская гора,Памятник природы,Геологические,"54.163593, 27.246585",Минская,Молодеченский,LOCAL,,GEOLOGICAL,,,,,,
Большой камень жосненский,Памятник природы,Геологические,"54.922408, 27.208428",Минская,Мядельский,LOCAL,,GEOLOGICAL,,,,,,
Большой камень кочергинский,Памятник природы,Геологические,"54.848381, 26.906328",Минская,Мядельский,LOCAL,,GEOLOGICAL,,,,,,
Большой камень маргиновский,Памятник природы,Геологические,"54.936468, 27.138229",Минская,Мядельский,LOCAL,,GEOLOGICAL,,,,,,
Камень брилевский,Памятник природы,Геологические,"54.911831, 26.806173",Минская,Мядельский,LOCAL,,GEOLOGICAL,,,,,,
Камень Дягилевский,Памятник природы,Геологические,"54.921528, 27.064369",Минская,Мядельский,LOCAL,,GEOLOGICAL,,,,,,
Гора Барсучиха,Памятник природы,Геологические,"54.949406, 26.755620",Минская,Мядельский,LOCAL,,GEOLOGICAL,,,,,,
Гора Пустовины,Памятник природы,Геологические,"54.931614, 27.296929",Минская,Мядельский,LOCAL,,GEOLOGICAL,,,,,,
Камень-валун Стародорожский,Памятник природы,Геологические,"53.1039, 28.4204",Минская,Стародорожский,LOCAL,,GEOLOGICAL,,,,,,
Родник Святая вода,Памятник природы,Гидрологические,"54.61805, 27.00879",Минская,Вилейский,LOCAL,,GIDROLOGICAL,,,,,,
Родник Стреж,Памятник природы,Гидрологические,"54.53924, 26.72844",Минская,Вилейский,LOCAL,,GIDROLOGICAL,,,,,,
Родник Раковский,Памятник природы,Гидрологические,"53.96831, 27.07960",Минская,Воложинский,LOCAL,,GIDROLOGICAL,,,,,,
Родник Воложинский,Памятник природы,Гидрологические,"54.10003, 26.53039",Минская,Воложинский,LOCAL,,GIDROLOGICAL,,,,,,
Демидовичские родники,Памятник природы,Гидрологические,"53.80072, 27.14402",Минская,Дзержинский,LOCAL,,GIDROLOGICAL,,,,,,
Родник около д. Радима,Памятник природы,Гидрологические,"53.59222, 27.29586",Минская,Дзержинский,LOCAL,,GIDROLOGICAL,,,,,,
Родник Кузьмы Чорного ,Памятник природы,Гидрологические,"53.09322, 26.99812",Минская,Копыльский,LOCAL,,GIDROLOGICAL,,,,,,
Родник Бобр,Памятник природы,Гидрологические,"54.33274, 29.25105",Минская,Крупский,LOCAL,,GIDROLOGICAL,,,,,,
Родник в урочище Высокие горы,Памятник природы,Гидрологические,"54.26998, 28.97309",Минская,Крупский,LOCAL,,GIDROLOGICAL,,,,,,
Родник Бездонная Яма,Памятник природы,Гидрологические,"54.26952, 28.97226",Минская,Крупский,LOCAL,,GIDROLOGICAL,,,,,,
Родник Лесной,Памятник природы,Гидрологические,"54.5077, 29.15051",Минская,Крупский,LOCAL,,GIDROLOGICAL,,,,,,
Родник в деревне Старый Сокол,Памятник природы,Гидрологические,"54.14159, 29.22022 ?",Минская,Крупский,LOCAL,,GIDROLOGICAL,,,,,,
Погребищенские родники,Памятник природы,Гидрологические,"54.25861, 28.01539",Минская,Логойский,LOCAL,,GIDROLOGICAL,,,,,,
Логойский родник Святого Николая,Памятник природы,Гидрологические,"54.20199, 27.85033",Минская,Логойский,LOCAL,,GIDROLOGICAL,,,,,,
Родник в урочище Первый Переток,Памятник природы,Гидрологические,"52.92314, 27.93464",Минская,Любанский,LOCAL,,GIDROLOGICAL,,,,,,
Родник Малогорядичского лесничества,Памятник природы,Гидрологические,"52.53991, 28.31288?",Минская,Любанский,LOCAL,,GIDROLOGICAL,,,,,,
Роговский родник,Памятник природы,Гидрологические,"54.12583, 27.30029",Минская,Минский,LOCAL,,GIDROLOGICAL,,,,,,
Родник Лешно (Святой),Памятник природы,Гидрологические,"54.30322, 26.73713",Минская,Молодечненский,LOCAL,,GIDROLOGICAL,,,,,,
Криница Богдановича,Памятник природы,Гидрологические,"54.25285, 27.09455",Минская,Молодечненский,LOCAL,,GIDROLOGICAL,,,,,,
Истоки Лани,Памятник природы,Гидрологические,"53.14879, 26.69869",Минская,Несвижский,LOCAL,,GIDROLOGICAL,,,,,,
Родник,Памятник природы,Гидрологические,"53.52624, 28.17747",Минская,Пуховичский,LOCAL,,GIDROLOGICAL,,,,,,
Родник в урочище Тумель,Памятник природы,Гидрологические,"53.91553, 28.24383?",Минская,Смолевичский,LOCAL,,GIDROLOGICAL,,,,,,
Судницкие родники,Памятник природы,Гидрологические,"53.50153, 26.619",Минская,Столбцовский,LOCAL,,GIDROLOGICAL,,,,,,
Родник Красный,Памятник природы,Гидрологические,"53.77175, 26.64375",Минская,Столбцовский,LOCAL,,GIDROLOGICAL,,,,,,
Родник Галковского,Памятник природы,Гидрологические,"53.73998, 28.70499",Минская,Червенский,LOCAL,,GIDROLOGICAL,,,,,,
Березинский биосферный заповедник,Заповедник,Заповеднник ,"54.317187, 28.370008",Минская,Борисовский,,,,,1,1,1,1,1
"""Беловежская пуща""",Национальный парк,Национальный парк,"52.881883, 24.077671",Гродненская,Свислочский,,,,1,1,,,1,1
"""Нарочанский""",Национальный парк,Национальный парк,"54.573698, 26.621520",Гродненская,Сморгонский,,,,,,,,,
«Гродненская пуща»,Заказник,Ландшафтные,"53.829644, 23.656334",Гродненская,Гродненский,REPUBLICAN,LANDSCAPE,,,,,,,
«Озеры»,Заказник,Ландшафтные,"53.721333, 24.181192",Гродненская,"Гродненский, Щучинский",REPUBLICAN,LANDSCAPE,,,,,,,
«Липичанская пуща»,Заказник,Ландшафтные,"53.461564, 24.933343",Гродненская,"Дятловский, Мостовский, Щучинский",REPUBLICAN,LANDSCAPE,,,,,,,
«Налибокский»,Заказник,Ландшафтные,"53.715484, 26.301759",Гродненская,Новогрудский,REPUBLICAN,LANDSCAPE,,,,,,,
«Новогрудский»,Заказник,Ландшафтные,"53.650738, 25.816447",Гродненская,Новогрудский,REPUBLICAN,LANDSCAPE,,,,,,,
«Свитязянский»,Заказник,Ландшафтные,"53.428997, 25.905685",Гродненская,"Новогрудский, Кореличский",REPUBLICAN,LANDSCAPE,,,,,,,
«Сорочанские озера»,Заказник,Ландшафтные,"54.8772, 26.1914",Гродненская,Островецкий,REPUBLICAN,LANDSCAPE,,,,,,,
«Котра»,Заказник,Ландшафтные,"53.749242, 24.635677",Гродненская,Щучинский,REPUBLICAN,LANDSCAPE,,,,,,,